help,2022-05-25 21:55:13
create_company,2022-05-25 21:55:46
help,2022-05-25 21:55:51
get_company,2022-05-25 21:55:59
get_company,2022-05-25 21:56:05
help,2022-05-25 21:56:13
create_user,2022-05-25 21:57:03
help,2022-05-25 21:57:08
get_user,2022-05-25 21:57:16
get_user,2022-05-25 21:57:21
get_user,2022-05-25 21:57:27
help,2022-05-25 21:57:40
add_material,2022-05-25 21:57:59
add_material,2022-05-25 21:58:24
add_material,2022-05-25 21:58:44
help,2022-05-25 21:58:51
get_user_materials,2022-05-25 21:58:58
get_user_materials,2022-05-25 21:59:05
get_user_materials,2022-05-25 21:59:11
help,2022-05-25 21:59:29
end,2022-05-25 21:59:32
